{
  "initialization_time_control": 0.4107651710510254,
  "execution_time_control": 58.54815363883972,
  "total_time": 58.95891880989075
}