{
  "initialization_time_control": 0.408764123916626,
  "execution_time_control": 83.47588300704956,
  "total_time": 83.88464713096619
}