{
  "initialization_time_control": 0.4164271354675293,
  "execution_time_control": 63.603193044662476,
  "total_time": 64.01962018013
}