{
  "initialization_time_control": 0.38910579681396484,
  "execution_time_control": 66.09201836585999,
  "total_time": 66.48112416267395
}