{
  "initialization_time_control": 0.3925199508666992,
  "execution_time_control": 40.020334243774414,
  "total_time": 40.41285419464111
}