{
  "initialization_time_planning": 0.41750502586364746,
  "execution_time_planning": 101.61127305030823,
  "total_time": 102.02877807617188
}