{
  "initialization_time_planning": 0.3914029598236084,
  "execution_time_planning": 52.94968295097351,
  "total_time": 53.34108591079712
}