{
  "initialization_time_control": 0.4201810359954834,
  "execution_time_control": 29.5293390750885,
  "total_time": 29.949520111083984
}