{
  "initialization_time_control": 0.3975636959075928,
  "execution_time_control": 57.86741614341736,
  "total_time": 58.26497983932495
}