{
  "initialization_time_control": 0.4165470600128174,
  "execution_time_control": 54.809953927993774,
  "total_time": 55.22650098800659
}