{
  "initialization_time_control": 0.39702582359313965,
  "execution_time_control": 39.84229922294617,
  "total_time": 40.23932504653931
}