{
  "initialization_time_control": 0.4064819812774658,
  "execution_time_control": 35.039244174957275,
  "total_time": 35.44572615623474
}