{
  "initialization_time_control": 0.36304306983947754,
  "execution_time_control": 31.30888319015503,
  "total_time": 31.671926259994507
}