{
  "initialization_time_control": 0.4163520336151123,
  "execution_time_control": 43.5507378578186,
  "total_time": 43.967089891433716
}