{
  "initialization_time_control": 0.36539411544799805,
  "execution_time_control": 37.54985189437866,
  "total_time": 37.91524600982666
}