{
  "initialization_time_control": 0.36626100540161133,
  "execution_time_control": 29.449093341827393,
  "total_time": 29.815354347229004
}