{
  "initialization_time_control": 0.3702998161315918,
  "execution_time_control": 26.429910898208618,
  "total_time": 26.80021071434021
}