{
  "initialization_time_control": 0.36191892623901367,
  "execution_time_control": 19.738240003585815,
  "total_time": 20.10015892982483
}