{
  "initialization_time_control": 0.38940000534057617,
  "execution_time_control": 42.345510959625244,
  "total_time": 42.73491096496582
}