{
  "initialization_time_control": 0.4032418727874756,
  "execution_time_control": 23.697676181793213,
  "total_time": 24.10091805458069
}