{
  "initialization_time_control": 0.43403196334838867,
  "execution_time_control": 23.577790021896362,
  "total_time": 24.01182198524475
}