{
  "initialization_time_control": 0.40227293968200684,
  "execution_time_control": 28.680973052978516,
  "total_time": 29.083245992660522
}