{
  "initialization_time_control": 0.3977677822113037,
  "execution_time_control": 22.714996099472046,
  "total_time": 23.11276388168335
}