{
  "initialization_time_control": 0.3997800350189209,
  "execution_time_control": 19.436169147491455,
  "total_time": 19.835949182510376
}