{
  "initialization_time_planning": 0.38253307342529297,
  "execution_time_planning": 51.86047387123108,
  "total_time": 52.24300694465637
}