{
  "initialization_time_control": 0.38547301292419434,
  "execution_time_control": 16.648214101791382,
  "total_time": 17.033687114715576
}