{
  "initialization_time_control": 0.42958998680114746,
  "execution_time_control": 21.308741092681885,
  "total_time": 21.738331079483032
}