{
  "initialization_time_control": 0.40134096145629883,
  "execution_time_control": 15.873481035232544,
  "total_time": 16.274821996688843
}