{
  "initialization_time_control": 1.059528112411499,
  "execution_time_control": 29.100152254104614,
  "total_time": 30.159680366516113
}