{
  "initialization_time_control": 0.3902099132537842,
  "execution_time_control": 23.715009927749634,
  "total_time": 24.105219841003418
}