{
  "initialization_time_control": 0.3991670608520508,
  "execution_time_control": 13.363924026489258,
  "total_time": 13.763091087341309
}