{
  "initialization_time_planning": 0.4531679153442383,
  "execution_time_planning": 64.1569881439209,
  "total_time": 64.61015605926514
}