{
  "initialization_time_control": 0.4232959747314453,
  "execution_time_control": 266.8477029800415,
  "total_time": 267.27099895477295
}