{
  "initialization_time_control": 0.40404200553894043,
  "execution_time_control": 557.8891551494598,
  "total_time": 558.2931971549988
}