{
  "initialization_time_control": 0.3771328926086426,
  "execution_time_control": 190.03621792793274,
  "total_time": 190.41335082054138
}