{
  "initialization_time_control": 0.4074440002441406,
  "execution_time_control": 216.98216485977173,
  "total_time": 217.38960886001587
}