{
  "initialization_time_control": 0.4032142162322998,
  "execution_time_control": 215.15443110466003,
  "total_time": 215.55764532089233
}