{
  "initialization_time_control": 0.38767480850219727,
  "execution_time_control": 444.0339398384094,
  "total_time": 444.4216146469116
}