{
  "initialization_time_planning": 0.3892667293548584,
  "execution_time_planning": 72.129221200943,
  "total_time": 72.51848793029785
}