{
  "initialization_time_planning": 0.4490840435028076,
  "execution_time_planning": 70.69561386108398,
  "total_time": 71.14469790458679
}