{
  "initialization_time_control": 0.4398021697998047,
  "execution_time_control": 248.28230690956116,
  "total_time": 248.72210907936096
}