{
  "initialization_time_control": 0.39923787117004395,
  "execution_time_control": 2815.7328000068665,
  "total_time": 2816.1320378780365
}