{
  "initialization_time_control": 0.38774919509887695,
  "execution_time_control": 2769.5250368118286,
  "total_time": 2769.9127860069275
}