{
  "initialization_time_control": 0.40163564682006836,
  "execution_time_control": 3487.508173942566,
  "total_time": 3487.909809589386
}