{
  "initialization_time_control": 0.40725183486938477,
  "execution_time_control": 1147.0129401683807,
  "total_time": 1147.4201920032501
}