{
  "initialization_time_control": 0.4067261219024658,
  "execution_time_control": 274.30390787124634,
  "total_time": 274.7106339931488
}