{
  "initialization_time_control": 0.4049868583679199,
  "execution_time_control": 55.63429093360901,
  "total_time": 56.03927779197693
}