{
  "initialization_time_control": 0.39168596267700195,
  "execution_time_control": 52.03479886054993,
  "total_time": 52.42648482322693
}