{
  "initialization_time_control": 0.39350199699401855,
  "execution_time_control": 73.07683491706848,
  "total_time": 73.4703369140625
}