{
  "initialization_time_control": 0.3914639949798584,
  "execution_time_control": 133.3721580505371,
  "total_time": 133.76362204551697
}