{
  "initialization_time_control": 0.39937305450439453,
  "execution_time_control": 37.32261085510254,
  "total_time": 37.721983909606934
}