{
  "initialization_time_control": 0.4132387638092041,
  "execution_time_control": 94.30580520629883,
  "total_time": 94.71904397010803
}