{
  "initialization_time_control": 0.3873322010040283,
  "execution_time_control": 120.77694082260132,
  "total_time": 121.16427302360535
}