{
  "initialization_time_planning": 0.37259888648986816,
  "execution_time_planning": 62.114234924316406,
  "total_time": 62.486833810806274
}