{
  "initialization_time_planning": 0.4580860137939453,
  "execution_time_planning": 401.1089680194855,
  "total_time": 401.5670540332794
}