{
  "initialization_time_control": 0.38057708740234375,
  "execution_time_control": 33.87571883201599,
  "total_time": 34.256295919418335
}