{
  "initialization_time_control": 0.39197278022766113,
  "execution_time_control": 30.69241499900818,
  "total_time": 31.08438777923584
}