{
  "initialization_time_control": 0.3800346851348877,
  "execution_time_control": 21.52277398109436,
  "total_time": 21.902808666229248
}