{
  "initialization_time_control": 0.3732790946960449,
  "execution_time_control": 22.879143238067627,
  "total_time": 23.252422332763672
}