{
  "initialization_time_control": 0.377514123916626,
  "execution_time_control": 34.44295811653137,
  "total_time": 34.820472240448
}