{
  "initialization_time_control": 0.38527393341064453,
  "execution_time_control": 26.29711103439331,
  "total_time": 26.682384967803955
}