{
  "initialization_time_planning": 0.4630157947540283,
  "execution_time_planning": 85.9579610824585,
  "total_time": 86.42097687721252
}