{
  "initialization_time_planning": 0.3994629383087158,
  "execution_time_planning": 108.82055497169495,
  "total_time": 109.22001791000366
}