{
  "initialization_time_planning": 0.5746779441833496,
  "execution_time_planning": 477.21967101097107,
  "total_time": 477.7943489551544
}