{
  "initialization_time_planning": 0.40533876419067383,
  "execution_time_planning": 50.262731075286865,
  "total_time": 50.66806983947754
}