{
  "initialization_time_control": 0.41663599014282227,
  "execution_time_control": 23.48717999458313,
  "total_time": 23.903815984725952
}