{
  "initialization_time_control": 0.4190797805786133,
  "execution_time_control": 66.55653190612793,
  "total_time": 66.97561168670654
}