{
  "initialization_time_control": 0.4464092254638672,
  "execution_time_control": 34.75918483734131,
  "total_time": 35.205594062805176
}