{
  "initialization_time_control": 0.3915700912475586,
  "execution_time_control": 40.50581502914429,
  "total_time": 40.897385120391846
}