{
  "initialization_time_control": 0.40668511390686035,
  "execution_time_control": 40.225120067596436,
  "total_time": 40.631805181503296
}