{
  "initialization_time_control": 0.38811683654785156,
  "execution_time_control": 45.94369912147522,
  "total_time": 46.33181595802307
}