{
  "initialization_time_control": 0.3965942859649658,
  "execution_time_control": 55.04139280319214,
  "total_time": 55.437987089157104
}