{
  "initialization_time_control": 0.41433286666870117,
  "execution_time_control": 79.96210503578186,
  "total_time": 80.37643790245056
}