{
  "initialization_time_control": 0.422313928604126,
  "execution_time_control": 99.17086291313171,
  "total_time": 99.59317684173584
}