{
  "initialization_time_control": 0.3848228454589844,
  "execution_time_control": 136.58915781974792,
  "total_time": 136.9739806652069
}