{
  "initialization_time_control": 0.42381811141967773,
  "execution_time_control": 72.16479206085205,
  "total_time": 72.58861017227173
}