{
  "initialization_time_control": 0.39819979667663574,
  "execution_time_control": 103.7143177986145,
  "total_time": 104.11251759529114
}