{
  "initialization_time_planning": 0.43941378593444824,
  "execution_time_planning": 58.99778914451599,
  "total_time": 59.43720293045044
}