{
  "initialization_time_planning": 0.6011991500854492,
  "execution_time_planning": 71.85535478591919,
  "total_time": 72.45655393600464
}