{
  "initialization_time_planning": 0.44031405448913574,
  "execution_time_planning": 403.02371096611023,
  "total_time": 403.46402502059937
}