{
  "initialization_time_control": 0.3879532814025879,
  "execution_time_control": 42.69144296646118,
  "total_time": 43.07939624786377
}