{
  "initialization_time_control": 0.4202878475189209,
  "execution_time_control": 38.96377396583557,
  "total_time": 39.38406181335449
}