{
  "initialization_time_control": 0.4256739616394043,
  "execution_time_control": 27.202877044677734,
  "total_time": 27.62855100631714
}