{
  "initialization_time_control": 0.3896830081939697,
  "execution_time_control": 56.24038290977478,
  "total_time": 56.63006591796875
}