{
  "initialization_time_control": 0.401684045791626,
  "execution_time_control": 51.41807413101196,
  "total_time": 51.81975817680359
}