{
  "initialization_time_control": 0.38301920890808105,
  "execution_time_control": 67.30754685401917,
  "total_time": 67.69056606292725
}