{
  "initialization_time_planning": 0.3908100128173828,
  "execution_time_planning": 44.498106956481934,
  "total_time": 44.888916969299316
}