{
  "initialization_time_planning": 0.5837628841400146,
  "execution_time_planning": 58.447651863098145,
  "total_time": 59.03141474723816
}