{
  "initialization_time_control": 0.45877814292907715,
  "execution_time_control": 1245.2183139324188,
  "total_time": 1245.677092075348
}