{
  "initialization_time_control": 0.39348292350769043,
  "execution_time_control": 26.462733030319214,
  "total_time": 26.856215953826904
}