{
  "initialization_time_control": 0.4175441265106201,
  "execution_time_control": 23.793880939483643,
  "total_time": 24.211425065994263
}