{
  "initialization_time_control": 0.41013097763061523,
  "execution_time_control": 14.413985013961792,
  "total_time": 14.824115991592407
}