{
  "initialization_time_control": 0.4172978401184082,
  "execution_time_control": 18.018036127090454,
  "total_time": 18.435333967208862
}