{
  "initialization_time_control": 0.41751599311828613,
  "execution_time_control": 19.951576232910156,
  "total_time": 20.369092226028442
}