{
  "initialization_time_planning": 0.4290909767150879,
  "execution_time_planning": 72.1197669506073,
  "total_time": 72.54885792732239
}