{
  "initialization_time_planning": 0.4088280200958252,
  "execution_time_planning": 50.297475814819336,
  "total_time": 50.70630383491516
}