{
  "initialization_time_control": 0.3994560241699219,
  "execution_time_control": 2499.760479927063,
  "total_time": 2500.159935951233
}