{
  "initialization_time_control": 0.4123270511627197,
  "execution_time_control": 191.02044701576233,
  "total_time": 191.43277406692505
}