{
  "initialization_time_control": 0.41162896156311035,
  "execution_time_control": 3142.51318693161,
  "total_time": 3142.924815893173
}