{
  "initialization_time_control": 0.4200289249420166,
  "execution_time_control": 2611.8596410751343,
  "total_time": 2612.2796700000763
}