{
  "initialization_time_control": 0.4061121940612793,
  "execution_time_control": 905.4260799884796,
  "total_time": 905.8321921825409
}