{
  "initialization_time_control": 0.40383315086364746,
  "execution_time_control": 2141.3568959236145,
  "total_time": 2141.760729074478
}