{
  "initialization_time_control": 0.4042201042175293,
  "execution_time_control": 33.81016278266907,
  "total_time": 34.2143828868866
}