{
  "initialization_time_control": 0.3930659294128418,
  "execution_time_control": 24.327740907669067,
  "total_time": 24.72080683708191
}