{
  "initialization_time_control": 0.4057469367980957,
  "execution_time_control": 17.109827041625977,
  "total_time": 17.515573978424072
}