{
  "initialization_time_control": 1.4083738327026367,
  "execution_time_control": 19.279929876327515,
  "total_time": 20.68830370903015
}