{
  "initialization_time_control": 0.37622618675231934,
  "execution_time_control": 27.534510135650635,
  "total_time": 27.910736322402954
}