{
  "initialization_time_control": 0.40575194358825684,
  "execution_time_control": 15.015238761901855,
  "total_time": 15.420990705490112
}