{
  "initialization_time_planning": 0.37493467330932617,
  "execution_time_planning": 52.22065305709839,
  "total_time": 52.595587730407715
}