{
  "initialization_time_control": 0.3861267566680908,
  "execution_time_control": 20.676738739013672,
  "total_time": 21.062865495681763
}