{
  "initialization_time_control": 0.3880329132080078,
  "execution_time_control": 22.189576864242554,
  "total_time": 22.57760977745056
}