{
  "initialization_time_control": 0.38698887825012207,
  "execution_time_control": 18.08055591583252,
  "total_time": 18.46754479408264
}