{
  "initialization_time_control": 0.41452479362487793,
  "execution_time_control": 17.332428216934204,
  "total_time": 17.746953010559082
}