{
  "initialization_time_control": 0.3934609889984131,
  "execution_time_control": 28.730672121047974,
  "total_time": 29.124133110046387
}