{
  "initialization_time_control": 0.38164305686950684,
  "execution_time_control": 13.751713037490845,
  "total_time": 14.133356094360352
}