{
  "initialization_time_control": 0.3779871463775635,
  "execution_time_control": 31.215056896209717,
  "total_time": 31.59304404258728
}