{
  "initialization_time_control": 0.38614773750305176,
  "execution_time_control": 56.61105990409851,
  "total_time": 56.99720764160156
}