{
  "initialization_time_control": 0.3754880428314209,
  "execution_time_control": 42.155802965164185,
  "total_time": 42.531291007995605
}