{
  "initialization_time_control": 0.37897396087646484,
  "execution_time_control": 39.89815402030945,
  "total_time": 40.27712798118591
}