{
  "initialization_time_control": 0.38118982315063477,
  "execution_time_control": 30.192394971847534,
  "total_time": 30.57358479499817
}