{
  "initialization_time_planning": 0.41190600395202637,
  "execution_time_planning": 62.88308310508728,
  "total_time": 63.29498910903931
}