{
  "initialization_time_planning": 0.3905339241027832,
  "execution_time_planning": 53.42937088012695,
  "total_time": 53.819904804229736
}