{
  "initialization_time_planning": 0.40382909774780273,
  "execution_time_planning": 57.07459282875061,
  "total_time": 57.47842192649841
}