{
  "initialization_time_planning": 0.44986486434936523,
  "execution_time_planning": 109.4520959854126,
  "total_time": 109.90196084976196
}