{
  "initialization_time_control": 0.39705991744995117,
  "execution_time_control": 32.4238760471344,
  "total_time": 32.82093596458435
}