{
  "initialization_time_control": 0.3688678741455078,
  "execution_time_control": 29.46449112892151,
  "total_time": 29.833359003067017
}