{
  "initialization_time_control": 0.3721029758453369,
  "execution_time_control": 17.40322780609131,
  "total_time": 17.775330781936646
}