{
  "initialization_time_control": 0.37456297874450684,
  "execution_time_control": 15.324984788894653,
  "total_time": 15.69954776763916
}