{
  "initialization_time_control": 0.37126898765563965,
  "execution_time_control": 19.17305278778076,
  "total_time": 19.5443217754364
}