{
  "initialization_time_control": 0.37722182273864746,
  "execution_time_control": 21.78116798400879,
  "total_time": 22.158389806747437
}