{
  "initialization_time_planning": 0.3910031318664551,
  "execution_time_planning": 50.382091999053955,
  "total_time": 50.77309513092041
}