{
  "initialization_time_planning": 0.4203500747680664,
  "execution_time_planning": 380.27187299728394,
  "total_time": 380.692223072052
}