{
  "initialization_time_control": 0.37279415130615234,
  "execution_time_control": 40.63847303390503,
  "total_time": 41.01126718521118
}