{
  "initialization_time_control": 0.3848860263824463,
  "execution_time_control": 34.44012808799744,
  "total_time": 34.82501411437988
}