{
  "initialization_time_control": 0.3843379020690918,
  "execution_time_control": 58.39156794548035,
  "total_time": 58.77590584754944
}