{
  "initialization_time_control": 0.379227876663208,
  "execution_time_control": 54.83522820472717,
  "total_time": 55.21445608139038
}