{
  "initialization_time_control": 0.3767871856689453,
  "execution_time_control": 21.20714497566223,
  "total_time": 21.583932161331177
}