{
  "initialization_time_control": 0.38422298431396484,
  "execution_time_control": 25.129180192947388,
  "total_time": 25.513403177261353
}