{
  "initialization_time_control": 0.40236997604370117,
  "execution_time_control": 20.042171955108643,
  "total_time": 20.444541931152344
}