{
  "initialization_time_control": 0.3951287269592285,
  "execution_time_control": 13.37646484375,
  "total_time": 13.771593570709229
}