{
  "initialization_time_control": 0.4045240879058838,
  "execution_time_control": 23.69626498222351,
  "total_time": 24.100789070129395
}