{
  "initialization_time_control": 0.39191603660583496,
  "execution_time_control": 28.361417055130005,
  "total_time": 28.75333309173584
}