{
  "initialization_time_control": 0.40723586082458496,
  "execution_time_control": 23.769864082336426,
  "total_time": 24.17709994316101
}