{
  "initialization_time_control": 0.398176908493042,
  "execution_time_control": 20.630584955215454,
  "total_time": 21.028761863708496
}