{
  "initialization_time_planning": 0.6018228530883789,
  "execution_time_planning": 72.40995502471924,
  "total_time": 73.01177787780762
}