{
  "initialization_time_control": 0.42846107482910156,
  "execution_time_control": 92.28418588638306,
  "total_time": 92.71264696121216
}