{
  "initialization_time_control": 0.4802727699279785,
  "execution_time_control": 64.73101091384888,
  "total_time": 65.21128368377686
}