{
  "initialization_time_control": 0.43479013442993164,
  "execution_time_control": 123.02116680145264,
  "total_time": 123.45595693588257
}