{
  "initialization_time_control": 1.7116389274597168,
  "execution_time_control": 1564.8061199188232,
  "total_time": 1566.517758846283
}