{
  "initialization_time_control": 0.4211091995239258,
  "execution_time_control": 107.98851609230042,
  "total_time": 108.40962529182434
}