{
  "initialization_time_control": 0.41997218132019043,
  "execution_time_control": 51.39465594291687,
  "total_time": 51.81462812423706
}