{
  "initialization_time_control": 0.4117410182952881,
  "execution_time_control": 14.9475257396698,
  "total_time": 15.359266757965088
}