{
  "initialization_time_control": 0.38048505783081055,
  "execution_time_control": 26.272255897521973,
  "total_time": 26.652740955352783
}