{
  "initialization_time_control": 0.3813350200653076,
  "execution_time_control": 21.98764705657959,
  "total_time": 22.368982076644897
}