{
  "initialization_time_control": 0.4141662120819092,
  "execution_time_control": 29.671470880508423,
  "total_time": 30.085637092590332
}