{
  "initialization_time_control": 0.37480807304382324,
  "execution_time_control": 22.5115807056427,
  "total_time": 22.886388778686523
}