{
  "initialization_time_control": 0.38422560691833496,
  "execution_time_control": 33.92177700996399,
  "total_time": 34.306002616882324
}