{
  "initialization_time_control": 0.4135570526123047,
  "execution_time_control": 50.005699157714844,
  "total_time": 50.41925621032715
}