{
  "initialization_time_control": 0.4306480884552002,
  "execution_time_control": 81.13153600692749,
  "total_time": 81.56218409538269
}