{
  "initialization_time_control": 0.43537306785583496,
  "execution_time_control": 88.07621026039124,
  "total_time": 88.51158332824707
}