{
  "initialization_time_control": 0.4093000888824463,
  "execution_time_control": 61.606176137924194,
  "total_time": 62.01547622680664
}