{
  "initialization_time_control": 0.40131306648254395,
  "execution_time_control": 58.94488787651062,
  "total_time": 59.346200942993164
}