{
  "initialization_time_control": 0.40520405769348145,
  "execution_time_control": 40.72728085517883,
  "total_time": 41.132484912872314
}