{
  "initialization_time_control": 0.3844568729400635,
  "execution_time_control": 21.324665784835815,
  "total_time": 21.70912265777588
}