{
  "initialization_time_control": 0.38133716583251953,
  "execution_time_control": 9.90733289718628,
  "total_time": 10.288670063018799
}