{
  "initialization_time_control": 0.4052419662475586,
  "execution_time_control": 25.767576217651367,
  "total_time": 26.172818183898926
}