{
  "initialization_time_control": 0.38373494148254395,
  "execution_time_control": 15.383913040161133,
  "total_time": 15.767647981643677
}