{
  "initialization_time_control": 0.39475512504577637,
  "execution_time_control": 21.54486393928528,
  "total_time": 21.939619064331055
}