{
  "initialization_time_control": 0.3839428424835205,
  "execution_time_control": 20.926019191741943,
  "total_time": 21.309962034225464
}