{
  "initialization_time_control": 0.3881669044494629,
  "execution_time_control": 42.59257411956787,
  "total_time": 42.980741024017334
}