{
  "initialization_time_control": 0.39078378677368164,
  "execution_time_control": 47.10704207420349,
  "total_time": 47.49782586097717
}