{
  "initialization_time_control": 0.38121914863586426,
  "execution_time_control": 30.698199033737183,
  "total_time": 31.079418182373047
}