{
  "initialization_time_control": 0.381134033203125,
  "execution_time_control": 46.106308937072754,
  "total_time": 46.48744297027588
}