{
  "initialization_time_control": 0.3729548454284668,
  "execution_time_control": 28.195934057235718,
  "total_time": 28.568888902664185
}