{
  "initialization_time_control": 0.3976168632507324,
  "execution_time_control": 33.55156683921814,
  "total_time": 33.94918370246887
}