{
  "initialization_time_control": 0.3897740840911865,
  "execution_time_control": 38.31941795349121,
  "total_time": 38.7091920375824
}