{
  "initialization_time_control": 0.3877842426300049,
  "execution_time_control": 36.29942607879639,
  "total_time": 36.68721032142639
}