{
  "initialization_time_control": 0.3951568603515625,
  "execution_time_control": 62.95730519294739,
  "total_time": 63.35246205329895
}