{
  "initialization_time_control": 0.38982295989990234,
  "execution_time_control": 30.157662868499756,
  "total_time": 30.547485828399658
}