{
  "initialization_time_control": 0.38780903816223145,
  "execution_time_control": 26.184271812438965,
  "total_time": 26.572080850601196
}