{
  "initialization_time_control": 0.3978538513183594,
  "execution_time_control": 36.608195066452026,
  "total_time": 37.006048917770386
}