{
  "initialization_time_planning": 0.41561102867126465,
  "execution_time_planning": 60.854275941848755,
  "total_time": 61.26988697052002
}