{
  "initialization_time_control": 0.3798360824584961,
  "execution_time_control": 26.38580298423767,
  "total_time": 26.765639066696167
}