{
  "initialization_time_control": 0.3904902935028076,
  "execution_time_control": 13.088946104049683,
  "total_time": 13.47943639755249
}