{
  "initialization_time_control": 0.39242076873779297,
  "execution_time_control": 33.408499002456665,
  "total_time": 33.80091977119446
}