{
  "initialization_time_control": 0.39563679695129395,
  "execution_time_control": 34.34589624404907,
  "total_time": 34.741533041000366
}