{
  "initialization_time_control": 0.38313794136047363,
  "execution_time_control": 21.016404151916504,
  "total_time": 21.399542093276978
}