{
  "initialization_time_control": 0.4043610095977783,
  "execution_time_control": 21.50212001800537,
  "total_time": 21.90648102760315
}