{
  "initialization_time_control": 0.35862112045288086,
  "execution_time_control": 14.090864181518555,
  "total_time": 14.449485301971436
}