{
  "initialization_time_control": 0.3633079528808594,
  "execution_time_control": 24.805967092514038,
  "total_time": 25.169275045394897
}