{
  "initialization_time_control": 0.36867594718933105,
  "execution_time_control": 17.892845153808594,
  "total_time": 18.261521100997925
}