{
  "initialization_time_control": 0.364368200302124,
  "execution_time_control": 17.719841241836548,
  "total_time": 18.084209442138672
}