{
  "initialization_time_control": 0.36394810676574707,
  "execution_time_control": 14.221248626708984,
  "total_time": 14.585196733474731
}