{
  "initialization_time_control": 0.3635702133178711,
  "execution_time_control": 25.630669832229614,
  "total_time": 25.994240045547485
}