{
  "initialization_time_planning": 0.4156789779663086,
  "execution_time_planning": 70.20901107788086,
  "total_time": 70.62469005584717
}