{
  "initialization_time_planning": 0.3931608200073242,
  "execution_time_planning": 66.50180506706238,
  "total_time": 66.8949658870697
}