{
  "initialization_time_planning": 0.5663847923278809,
  "execution_time_planning": 71.87957239151001,
  "total_time": 72.44595718383789
}