{
  "initialization_time_control": 1.1017751693725586,
  "execution_time_control": 52.40036106109619,
  "total_time": 53.50213623046875
}