{
  "initialization_time_control": 0.3862781524658203,
  "execution_time_control": 45.9310097694397,
  "total_time": 46.31728792190552
}