{
  "initialization_time_control": 0.3903641700744629,
  "execution_time_control": 17.069223880767822,
  "total_time": 17.459588050842285
}