{
  "initialization_time_control": 0.4246399402618408,
  "execution_time_control": 71.76053619384766,
  "total_time": 72.1851761341095
}