{
  "initialization_time_control": 0.39832186698913574,
  "execution_time_control": 48.21938371658325,
  "total_time": 48.61770558357239
}