{
  "initialization_time_control": 0.39778685569763184,
  "execution_time_control": 57.672245025634766,
  "total_time": 58.0700318813324
}