{
  "initialization_time_planning": 0.4176492691040039,
  "execution_time_planning": 95.42554783821106,
  "total_time": 95.84319710731506
}