{
  "initialization_time_control": 0.39470791816711426,
  "execution_time_control": 37.80750012397766,
  "total_time": 38.202208042144775
}