{
  "initialization_time_control": 0.3920018672943115,
  "execution_time_control": 55.82779502868652,
  "total_time": 56.219796895980835
}