{
  "initialization_time_control": 0.3844289779663086,
  "execution_time_control": 32.52313804626465,
  "total_time": 32.90756702423096
}