{
  "initialization_time_control": 0.3993721008300781,
  "execution_time_control": 32.55288124084473,
  "total_time": 32.952253341674805
}