{
  "initialization_time_control": 0.3898911476135254,
  "execution_time_control": 31.15241503715515,
  "total_time": 31.542306184768677
}