{
  "initialization_time_control": 1.4460458755493164,
  "execution_time_control": 26.99758005142212,
  "total_time": 28.443625926971436
}