{
  "initialization_time_control": 0.41666412353515625,
  "execution_time_control": 37.75791621208191,
  "total_time": 38.174580335617065
}