{
  "initialization_time_control": 0.3992173671722412,
  "execution_time_control": 38.800475120544434,
  "total_time": 39.199692487716675
}