{
  "initialization_time_control": 0.38837099075317383,
  "execution_time_control": 56.360522985458374,
  "total_time": 56.74889397621155
}