{
  "initialization_time_control": 0.38982391357421875,
  "execution_time_control": 39.792306900024414,
  "total_time": 40.18213081359863
}