{
  "initialization_time_control": 0.39153003692626953,
  "execution_time_control": 25.741492986679077,
  "total_time": 26.133023023605347
}