{
  "initialization_time_control": 0.37992429733276367,
  "execution_time_control": 36.81063914299011,
  "total_time": 37.190563440322876
}