{
  "initialization_time_control": 0.4018130302429199,
  "execution_time_control": 23.15295696258545,
  "total_time": 23.55476999282837
}