{
  "initialization_time_control": 0.3849937915802002,
  "execution_time_control": 68.32517981529236,
  "total_time": 68.71017360687256
}