{
  "initialization_time_control": 0.3952178955078125,
  "execution_time_control": 33.697264194488525,
  "total_time": 34.09248208999634
}