{
  "initialization_time_control": 0.38402366638183594,
  "execution_time_control": 61.525859117507935,
  "total_time": 61.90988278388977
}