{
  "initialization_time_control": 0.38736414909362793,
  "execution_time_control": 42.35072612762451,
  "total_time": 42.73809027671814
}