{
  "initialization_time_control": 0.41562891006469727,
  "execution_time_control": 45.90035104751587,
  "total_time": 46.315979957580566
}