{
  "initialization_time_planning": 0.45299291610717773,
  "execution_time_planning": 62.34771800041199,
  "total_time": 62.800710916519165
}