{
  "initialization_time_planning": 0.39122796058654785,
  "execution_time_planning": 79.9165301322937,
  "total_time": 80.30775809288025
}