{
  "initialization_time_control": 0.3868980407714844,
  "execution_time_control": 34.45544719696045,
  "total_time": 34.842345237731934
}