{
  "initialization_time_control": 0.4197568893432617,
  "execution_time_control": 60.77980923652649,
  "total_time": 61.19956612586975
}