{
  "initialization_time_control": 0.38649821281433105,
  "execution_time_control": 38.66061496734619,
  "total_time": 39.04711318016052
}