{
  "initialization_time_control": 0.3847060203552246,
  "execution_time_control": 31.155057191848755,
  "total_time": 31.53976321220398
}