{
  "initialization_time_control": 0.4093790054321289,
  "execution_time_control": 34.724047899246216,
  "total_time": 35.133426904678345
}