{
  "initialization_time_control": 0.41524791717529297,
  "execution_time_control": 24.175631999969482,
  "total_time": 24.590879917144775
}