{
  "initialization_time_control": 0.3865373134613037,
  "execution_time_control": 14.770488023757935,
  "total_time": 15.157025337219238
}