{
  "initialization_time_control": 0.3953127861022949,
  "execution_time_control": 20.025904893875122,
  "total_time": 20.421217679977417
}