{
  "initialization_time_control": 0.38047289848327637,
  "execution_time_control": 11.889178276062012,
  "total_time": 12.269651174545288
}