{
  "initialization_time_control": 0.3808629512786865,
  "execution_time_control": 15.86556887626648,
  "total_time": 16.246431827545166
}