{
  "initialization_time_control": 0.3800628185272217,
  "execution_time_control": 21.084040880203247,
  "total_time": 21.46410369873047
}