{
  "initialization_time_control": 1.055070161819458,
  "execution_time_control": 29.305317878723145,
  "total_time": 30.360388040542603
}