{
  "initialization_time_control": 0.39011192321777344,
  "execution_time_control": 32.776538133621216,
  "total_time": 33.16665005683899
}