{
  "initialization_time_control": 0.3760838508605957,
  "execution_time_control": 22.65355920791626,
  "total_time": 23.029643058776855
}