{
  "initialization_time_control": 0.4062380790710449,
  "execution_time_control": 14.819578886032104,
  "total_time": 15.22581696510315
}