{
  "initialization_time_control": 0.37427592277526855,
  "execution_time_control": 22.661453008651733,
  "total_time": 23.035728931427002
}