{
  "initialization_time_control": 0.40078115463256836,
  "execution_time_control": 15.271560907363892,
  "total_time": 15.67234206199646
}