{
  "initialization_time_control": 0.38710594177246094,
  "execution_time_control": 27.485502004623413,
  "total_time": 27.872607946395874
}