{
  "initialization_time_planning": 0.415834903717041,
  "execution_time_planning": 54.65782809257507,
  "total_time": 55.073662996292114
}