{
  "initialization_time_planning": 0.3846750259399414,
  "execution_time_planning": 54.41355013847351,
  "total_time": 54.79822516441345
}