{
  "initialization_time_control": 0.38704895973205566,
  "execution_time_control": 27.077152013778687,
  "total_time": 27.464200973510742
}