{
  "initialization_time_control": 0.40246009826660156,
  "execution_time_control": 31.133238077163696,
  "total_time": 31.535698175430298
}