{
  "initialization_time_control": 0.39386892318725586,
  "execution_time_control": 19.77025318145752,
  "total_time": 20.164122104644775
}