{
  "initialization_time_control": 0.399946928024292,
  "execution_time_control": 13.570488929748535,
  "total_time": 13.970435857772827
}