{
  "initialization_time_control": 0.40658092498779297,
  "execution_time_control": 25.325439929962158,
  "total_time": 25.73202085494995
}