{
  "initialization_time_control": 0.40778493881225586,
  "execution_time_control": 21.52351403236389,
  "total_time": 21.931298971176147
}