{
  "initialization_time_control": 0.39039158821105957,
  "execution_time_control": 67.92485308647156,
  "total_time": 68.31524467468262
}