{
  "initialization_time_control": 0.3985629081726074,
  "execution_time_control": 34.341280937194824,
  "total_time": 34.73984384536743
}