{
  "initialization_time_control": 0.41887378692626953,
  "execution_time_control": 42.58468198776245,
  "total_time": 43.00355577468872
}