{
  "initialization_time_control": 0.3830721378326416,
  "execution_time_control": 49.12556433677673,
  "total_time": 49.508636474609375
}