{
  "initialization_time_control": 0.40099096298217773,
  "execution_time_control": 52.871337890625,
  "total_time": 53.27232885360718
}