{
  "initialization_time_control": 0.402329683303833,
  "execution_time_control": 59.58134317398071,
  "total_time": 59.983672857284546
}