{
  "initialization_time_planning": 0.4181852340698242,
  "execution_time_planning": 64.194659948349,
  "total_time": 64.61284518241882
}