{
  "initialization_time_control": 0.40824079513549805,
  "execution_time_control": 20.970713138580322,
  "total_time": 21.37895393371582
}