{
  "initialization_time_control": 0.3674321174621582,
  "execution_time_control": 36.60389304161072,
  "total_time": 36.971325159072876
}