{
  "initialization_time_control": 0.3798818588256836,
  "execution_time_control": 28.71284317970276,
  "total_time": 29.092725038528442
}