{
  "initialization_time_control": 0.4019792079925537,
  "execution_time_control": 44.16836214065552,
  "total_time": 44.57034134864807
}