{
  "initialization_time_control": 0.41465115547180176,
  "execution_time_control": 25.658094882965088,
  "total_time": 26.07274603843689
}