{
  "initialization_time_control": 0.39136624336242676,
  "execution_time_control": 29.2913920879364,
  "total_time": 29.682758331298828
}