{
  "initialization_time_control": 0.3875420093536377,
  "execution_time_control": 20.519025087356567,
  "total_time": 20.906567096710205
}