{
  "initialization_time_control": 0.3984501361846924,
  "execution_time_control": 25.37770700454712,
  "total_time": 25.77615714073181
}