{
  "initialization_time_control": 0.3970499038696289,
  "execution_time_control": 27.293478965759277,
  "total_time": 27.690528869628906
}