{
  "initialization_time_control": 0.3848297595977783,
  "execution_time_control": 18.267627954483032,
  "total_time": 18.65245771408081
}