{
  "initialization_time_control": 0.38516831398010254,
  "execution_time_control": 21.972374200820923,
  "total_time": 22.357542514801025
}