{
  "initialization_time_control": 0.38569188117980957,
  "execution_time_control": 18.43851089477539,
  "total_time": 18.8242027759552
}