{
  "initialization_time_control": 0.3780038356781006,
  "execution_time_control": 44.56499099731445,
  "total_time": 44.942994832992554
}