{
  "initialization_time_control": 0.38095688819885254,
  "execution_time_control": 22.615739107131958,
  "total_time": 22.99669599533081
}