{
  "initialization_time_control": 0.3895299434661865,
  "execution_time_control": 40.02595496177673,
  "total_time": 40.41548490524292
}