{
  "initialization_time_control": 0.37778615951538086,
  "execution_time_control": 42.690589904785156,
  "total_time": 43.06837606430054
}