{
  "initialization_time_control": 0.37754106521606445,
  "execution_time_control": 25.02043890953064,
  "total_time": 25.397979974746704
}