{
  "initialization_time_control": 0.38021397590637207,
  "execution_time_control": 31.70214009284973,
  "total_time": 32.0823540687561
}