{
  "initialization_time_planning": 0.4548337459564209,
  "execution_time_planning": 62.29752016067505,
  "total_time": 62.75235390663147
}