{
  "initialization_time_planning": 0.45603108406066895,
  "execution_time_planning": 58.37548494338989,
  "total_time": 58.83151602745056
}