{
  "initialization_time_planning": 0.42691683769226074,
  "execution_time_planning": 71.9459183216095,
  "total_time": 72.37283515930176
}