{
  "initialization_time_planning": 0.4528827667236328,
  "execution_time_planning": 71.9393138885498,
  "total_time": 72.39219665527344
}