{
  "initialization_time_planning": 0.40851521492004395,
  "execution_time_planning": 53.63141679763794,
  "total_time": 54.03993201255798
}