{
  "initialization_time_control": 0.3840830326080322,
  "execution_time_control": 27.06847906112671,
  "total_time": 27.45256209373474
}