{
  "initialization_time_control": 0.40625786781311035,
  "execution_time_control": 19.52822995185852,
  "total_time": 19.93448781967163
}