{
  "initialization_time_control": 0.37619900703430176,
  "execution_time_control": 20.79550790786743,
  "total_time": 21.171706914901733
}