{
  "initialization_time_control": 0.37743306159973145,
  "execution_time_control": 16.67350196838379,
  "total_time": 17.05093502998352
}