{
  "initialization_time_control": 0.3764951229095459,
  "execution_time_control": 24.93967318534851,
  "total_time": 25.316168308258057
}