{
  "initialization_time_control": 0.41176319122314453,
  "execution_time_control": 30.601778030395508,
  "total_time": 31.013541221618652
}